,color_g4-100_c0-100_ablation_0,color_g4-100_c0-100_ablation_1,color_g4-100_c0-100_ablation_2,color_g4-100_c0-100_ablation_3,color_g4-100_c0-100_ablation_4,color_g4-100_c0-100_ablation_5,color_g4-100_c0-100_ablation_6,color_g4-100_c0-100_ablation_7,color_g4-100_c0-100_ablation_8,color_g4-100_c0-100_ablation_9,color_g4-100_c0-100_ablation_10,color_g4-100_c0-100_ablation_11,color_g4-100_c0-100_ablation_12,color_g4-100_c0-100_ablation_13,color_g4-100_c0-100_ablation_14,color_g4-100_c0-100_ablation_15,color_g4-100_c0-100_ablation_16,color_g4-100_c0-100_ablation_17,color_g4-100_c0-100_ablation_18,color_g4-100_c0-100_ablation_19,color_g4-100_c0-100_ablation_20,color_g4-100_c0-100_ablation_21,color_g4-100_c0-100_ablation_22,color_g4-100_c0-100_ablation_23,color_g4-100_c0-100_ablation_24,color_g4-100_c0-100_ablation_25,color_g4-100_c0-100_ablation_26,color_g4-100_c0-100_ablation_27,color_g4-100_c0-100_ablation_28,color_g4-100_c0-100_ablation_29,color_g4-100_c0-100_ablation_30,color_g4-100_c0-100_ablation_31,color_g4-100_c0-100_ablation_32,color_g4-100_c0-100_ablation_33,color_g4-100_c0-100_ablation_34,color_g4-100_c0-100_ablation_35,color_g4-100_c0-100_ablation_36,color_g4-100_c0-100_ablation_37,color_g4-100_c0-100_ablation_38,color_g4-100_c0-100_ablation_39,color_g4-100_c0-100_ablation_40,color_g4-100_c0-100_ablation_41,color_g4-100_c0-100_ablation_42,color_g4-100_c0-100_ablation_43,color_g4-100_c0-100_ablation_44,color_g4-100_c0-100_ablation_45,color_g4-100_c0-100_ablation_46,color_g4-100_c0-100_ablation_47,color_g4-100_c0-100_ablation_48,fft_freq_g4-100_c0-100_ablation_0,fft_freq_g4-100_c0-100_ablation_1,fft_freq_g4-100_c0-100_ablation_2,fft_freq_g4-100_c0-100_ablation_3,fft_freq_g4-100_c0-100_ablation_4,fft_freq_g4-100_c0-100_ablation_5,fft_freq_g4-100_c0-100_ablation_6,fft_freq_g4-100_c0-100_ablation_7,fft_freq_g4-100_c0-100_ablation_8,fft_freq_g4-100_c0-100_ablation_9,fft_freq_g4-100_c0-100_ablation_10,fft_freq_g4-100_c0-100_ablation_11,fft_freq_g4-100_c0-100_ablation_12,fft_freq_g4-100_c0-100_ablation_13,fft_freq_g4-100_c0-100_ablation_14,fft_freq_g4-100_c0-100_ablation_15,fft_freq_g4-100_c0-100_ablation_16,fft_freq_g4-100_c0-100_ablation_17,fft_freq_g4-100_c0-100_ablation_18,fft_freq_g4-100_c0-100_ablation_19,fft_freq_g4-100_c0-100_ablation_20,fft_freq_g4-100_c0-100_ablation_21,fft_freq_g4-100_c0-100_ablation_22,fft_freq_g4-100_c0-100_ablation_23,fft_freq_g4-100_c0-100_ablation_24,fft_freq_g4-100_c0-100_ablation_25,fft_freq_g4-100_c0-100_ablation_26,fft_freq_g4-100_c0-100_ablation_27,fft_freq_g4-100_c0-100_ablation_28,fft_freq_g4-100_c0-100_ablation_29,fft_freq_g4-100_c0-100_ablation_30,fft_freq_g4-100_c0-100_ablation_31,fft_freq_g4-100_c0-100_ablation_32,fft_freq_g4-100_c0-100_ablation_33,fft_freq_g4-100_c0-100_ablation_34,fft_freq_g4-100_c0-100_ablation_35,fft_freq_g4-100_c0-100_ablation_36,fft_freq_g4-100_c0-100_ablation_37,fft_freq_g4-100_c0-100_ablation_38,fft_freq_g4-100_c0-100_ablation_39,fft_freq_g4-100_c0-100_ablation_40,fft_freq_g4-100_c0-100_ablation_41,fft_freq_g4-100_c0-100_ablation_42,fft_freq_g4-100_c0-100_ablation_43,fft_freq_g4-100_c0-100_ablation_44,fft_freq_g4-100_c0-100_ablation_45,fft_freq_g4-100_c0-100_ablation_46,fft_freq_g4-100_c0-100_ablation_47,fft_freq_g4-100_c0-100_ablation_48,color_reverse_g4-100_c0-100_ablation_0,color_reverse_g4-100_c0-100_ablation_1,color_reverse_g4-100_c0-100_ablation_2,color_reverse_g4-100_c0-100_ablation_3,color_reverse_g4-100_c0-100_ablation_4,color_reverse_g4-100_c0-100_ablation_5,color_reverse_g4-100_c0-100_ablation_6,color_reverse_g4-100_c0-100_ablation_7,color_reverse_g4-100_c0-100_ablation_8,color_reverse_g4-100_c0-100_ablation_9,color_reverse_g4-100_c0-100_ablation_10,color_reverse_g4-100_c0-100_ablation_11,color_reverse_g4-100_c0-100_ablation_12,color_reverse_g4-100_c0-100_ablation_13,color_reverse_g4-100_c0-100_ablation_14,color_reverse_g4-100_c0-100_ablation_15,color_reverse_g4-100_c0-100_ablation_16,color_reverse_g4-100_c0-100_ablation_17,color_reverse_g4-100_c0-100_ablation_18,color_reverse_g4-100_c0-100_ablation_19,color_reverse_g4-100_c0-100_ablation_20,color_reverse_g4-100_c0-100_ablation_21,color_reverse_g4-100_c0-100_ablation_22,color_reverse_g4-100_c0-100_ablation_23,color_reverse_g4-100_c0-100_ablation_24,color_reverse_g4-100_c0-100_ablation_25,color_reverse_g4-100_c0-100_ablation_26,color_reverse_g4-100_c0-100_ablation_27,color_reverse_g4-100_c0-100_ablation_28,color_reverse_g4-100_c0-100_ablation_29,color_reverse_g4-100_c0-100_ablation_30,color_reverse_g4-100_c0-100_ablation_31,color_reverse_g4-100_c0-100_ablation_32,color_reverse_g4-100_c0-100_ablation_33,color_reverse_g4-100_c0-100_ablation_34,color_reverse_g4-100_c0-100_ablation_35,color_reverse_g4-100_c0-100_ablation_36,color_reverse_g4-100_c0-100_ablation_37,color_reverse_g4-100_c0-100_ablation_38,color_reverse_g4-100_c0-100_ablation_39,color_reverse_g4-100_c0-100_ablation_40,color_reverse_g4-100_c0-100_ablation_41,color_reverse_g4-100_c0-100_ablation_42,color_reverse_g4-100_c0-100_ablation_43,color_reverse_g4-100_c0-100_ablation_44,color_reverse_g4-100_c0-100_ablation_45,color_reverse_g4-100_c0-100_ablation_46,color_reverse_g4-100_c0-100_ablation_47,color_reverse_g4-100_c0-100_ablation_48,fft_freq_reverse_g4-100_c0-100_ablation_0,fft_freq_reverse_g4-100_c0-100_ablation_1,fft_freq_reverse_g4-100_c0-100_ablation_2,fft_freq_reverse_g4-100_c0-100_ablation_3,fft_freq_reverse_g4-100_c0-100_ablation_4,fft_freq_reverse_g4-100_c0-100_ablation_5,fft_freq_reverse_g4-100_c0-100_ablation_6,fft_freq_reverse_g4-100_c0-100_ablation_7,fft_freq_reverse_g4-100_c0-100_ablation_8,fft_freq_reverse_g4-100_c0-100_ablation_9,fft_freq_reverse_g4-100_c0-100_ablation_10,fft_freq_reverse_g4-100_c0-100_ablation_11,fft_freq_reverse_g4-100_c0-100_ablation_12,fft_freq_reverse_g4-100_c0-100_ablation_13,fft_freq_reverse_g4-100_c0-100_ablation_14,fft_freq_reverse_g4-100_c0-100_ablation_15,fft_freq_reverse_g4-100_c0-100_ablation_16,fft_freq_reverse_g4-100_c0-100_ablation_17,fft_freq_reverse_g4-100_c0-100_ablation_18,fft_freq_reverse_g4-100_c0-100_ablation_19,fft_freq_reverse_g4-100_c0-100_ablation_20,fft_freq_reverse_g4-100_c0-100_ablation_21,fft_freq_reverse_g4-100_c0-100_ablation_22,fft_freq_reverse_g4-100_c0-100_ablation_23,fft_freq_reverse_g4-100_c0-100_ablation_24,fft_freq_reverse_g4-100_c0-100_ablation_25,fft_freq_reverse_g4-100_c0-100_ablation_26,fft_freq_reverse_g4-100_c0-100_ablation_27,fft_freq_reverse_g4-100_c0-100_ablation_28,fft_freq_reverse_g4-100_c0-100_ablation_29,fft_freq_reverse_g4-100_c0-100_ablation_30,fft_freq_reverse_g4-100_c0-100_ablation_31,fft_freq_reverse_g4-100_c0-100_ablation_32,fft_freq_reverse_g4-100_c0-100_ablation_33,fft_freq_reverse_g4-100_c0-100_ablation_34,fft_freq_reverse_g4-100_c0-100_ablation_35,fft_freq_reverse_g4-100_c0-100_ablation_36,fft_freq_reverse_g4-100_c0-100_ablation_37,fft_freq_reverse_g4-100_c0-100_ablation_38,fft_freq_reverse_g4-100_c0-100_ablation_39,fft_freq_reverse_g4-100_c0-100_ablation_40,fft_freq_reverse_g4-100_c0-100_ablation_41,fft_freq_reverse_g4-100_c0-100_ablation_42,fft_freq_reverse_g4-100_c0-100_ablation_43,fft_freq_reverse_g4-100_c0-100_ablation_44,fft_freq_reverse_g4-100_c0-100_ablation_45,fft_freq_reverse_g4-100_c0-100_ablation_46,fft_freq_reverse_g4-100_c0-100_ablation_47,fft_freq_reverse_g4-100_c0-100_ablation_48
knife,"[7, 56, 12]","[14, 50, 11]","[17, 52, 6]","[17, 55, 3]","[16, 52, 7]","[9, 61, 5]","[7, 63, 5]","[6, 63, 6]","[6, 63, 6]","[2, 68, 5]","[1, 68, 6]","[2, 68, 5]","[4, 66, 5]","[1, 70, 4]","[1, 69, 5]","[2, 68, 5]","[0, 70, 5]","[0, 69, 6]","[0, 71, 4]","[0, 70, 5]","[0, 71, 4]","[0, 70, 5]","[0, 70, 5]","[0, 70, 5]","[0, 70, 5]","[1, 69, 5]","[0, 70, 5]","[0, 70, 5]","[0, 70, 5]","[0, 70, 5]","[0, 70, 5]","[0, 70, 5]","[0, 70, 5]","[0, 70, 5]","[0, 70, 5]","[0, 70, 5]","[0, 70, 5]","[0, 70, 5]","[0, 70, 5]","[0, 70, 5]","[0, 70, 5]","[0, 70, 5]","[0, 70, 5]","[0, 70, 5]","[0, 70, 5]","[0, 70, 5]","[0, 70, 5]","[0, 70, 5]","[0, 70, 5]","[7, 56, 12]","[6, 57, 12]","[7, 60, 8]","[7, 62, 6]","[9, 60, 6]","[7, 62, 6]","[6, 61, 8]","[2, 67, 6]","[4, 64, 7]","[4, 66, 5]","[0, 69, 6]","[0, 69, 6]","[0, 69, 6]","[0, 69, 6]","[0, 69, 6]","[0, 68, 7]","[0, 68, 7]","[0, 69, 6]","[2, 70, 3]","[1, 72, 2]","[1, 70, 4]","[1, 70, 4]","[1, 70, 4]","[0, 71, 4]","[0, 71, 4]","[0, 70, 5]","[0, 70, 5]","[0, 70, 5]","[0, 70, 5]","[0, 70, 5]","[0, 70, 5]","[0, 70, 5]","[0, 72, 3]","[0, 72, 3]","[0, 72, 3]","[0, 72, 3]","[0, 72, 3]","[0, 72, 3]","[0, 72, 3]","[0, 72, 3]","[0, 71, 4]","[0, 72, 3]","[0, 72, 3]","[0, 69, 6]","[0, 69, 6]","[0, 70, 5]","[0, 70, 5]","[0, 70, 5]","[0, 70, 5]","[7, 56, 12]","[3, 60, 12]","[6, 58, 11]","[4, 58, 13]","[5, 58, 12]","[5, 60, 10]","[7, 58, 10]","[5, 59, 11]","[8, 56, 11]","[7, 57, 11]","[7, 59, 9]","[6, 56, 13]","[5, 56, 14]","[4, 58, 13]","[9, 57, 9]","[7, 57, 11]","[7, 56, 12]","[7, 58, 10]","[3, 62, 10]","[2, 63, 10]","[2, 61, 12]","[2, 61, 12]","[1, 61, 13]","[0, 62, 13]","[0, 64, 11]","[1, 64, 10]","[1, 68, 6]","[1, 70, 4]","[1, 67, 7]","[0, 70, 5]","[0, 67, 8]","[0, 66, 9]","[0, 69, 6]","[0, 67, 8]","[0, 68, 7]","[0, 68, 7]","[0, 68, 7]","[0, 70, 5]","[0, 66, 9]","[0, 67, 8]","[0, 70, 5]","[0, 72, 3]","[0, 71, 4]","[0, 69, 6]","[0, 71, 4]","[0, 71, 4]","[0, 70, 5]","[0, 67, 8]","[0, 70, 5]","[7, 56, 12]","[3, 60, 12]","[14, 53, 8]","[24, 43, 8]","[18, 51, 6]","[25, 44, 6]","[28, 40, 7]","[27, 41, 7]","[29, 38, 8]","[32, 36, 7]","[36, 31, 8]","[31, 37, 7]","[31, 37, 7]","[26, 42, 7]","[24, 44, 7]","[22, 46, 7]","[24, 44, 7]","[24, 44, 7]","[17, 51, 7]","[14, 54, 7]","[13, 57, 5]","[16, 52, 7]","[12, 56, 7]","[13, 55, 7]","[4, 65, 6]","[5, 64, 6]","[4, 65, 6]","[5, 64, 6]","[6, 63, 6]","[1, 68, 6]","[2, 68, 5]","[2, 67, 6]","[3, 67, 5]","[4, 66, 5]","[1, 67, 7]","[0, 68, 7]","[0, 62, 13]","[0, 61, 14]","[0, 62, 13]","[1, 63, 11]","[0, 65, 10]","[0, 69, 6]","[4, 69, 2]","[0, 74, 1]","[0, 71, 4]","[0, 72, 3]","[1, 72, 2]","[0, 70, 5]","[0, 70, 5]"
keyboard,"[12, 53, 10]","[15, 50, 10]","[7, 61, 7]","[6, 64, 5]","[8, 62, 5]","[9, 61, 5]","[21, 50, 4]","[21, 52, 2]","[18, 54, 3]","[8, 62, 5]","[17, 53, 5]","[12, 58, 5]","[5, 65, 5]","[8, 62, 5]","[8, 62, 5]","[7, 63, 5]","[15, 55, 5]","[20, 52, 3]","[63, 12, 0]","[33, 41, 1]","[21, 51, 3]","[0, 70, 5]","[0, 70, 5]","[0, 70, 5]","[0, 70, 5]","[0, 70, 5]","[0, 70, 5]","[0, 70, 5]","[0, 70, 5]","[0, 69, 6]","[0, 69, 6]","[0, 70, 5]","[3, 67, 5]","[2, 68, 5]","[9, 63, 3]","[1, 68, 6]","[1, 69, 5]","[1, 67, 7]","[0, 69, 6]","[0, 69, 6]","[0, 70, 5]","[0, 70, 5]","[0, 70, 5]","[0, 70, 5]","[0, 70, 5]","[0, 70, 5]","[0, 69, 6]","[0, 70, 5]","[0, 70, 5]","[12, 53, 10]","[9, 56, 10]","[9, 56, 10]","[12, 54, 9]","[17, 51, 7]","[22, 47, 6]","[20, 50, 5]","[19, 54, 2]","[13, 57, 5]","[11, 58, 6]","[4, 68, 3]","[1, 70, 4]","[2, 69, 4]","[2, 67, 6]","[4, 66, 5]","[8, 62, 5]","[3, 67, 5]","[14, 57, 4]","[0, 73, 2]","[0, 71, 4]","[0, 70, 5]","[0, 70, 5]","[1, 69, 5]","[0, 70, 5]","[0, 70, 5]","[0, 70, 5]","[0, 70, 5]","[0, 70, 5]","[0, 70, 5]","[0, 70, 5]","[0, 70, 5]","[0, 70, 5]","[0, 70, 5]","[0, 71, 4]","[0, 71, 4]","[0, 71, 4]","[0, 70, 5]","[0, 70, 5]","[0, 68, 7]","[0, 70, 5]","[0, 68, 7]","[0, 68, 7]","[0, 68, 7]","[0, 68, 7]","[0, 68, 7]","[0, 70, 5]","[0, 71, 4]","[0, 70, 5]","[0, 70, 5]","[12, 53, 10]","[10, 55, 10]","[11, 55, 9]","[11, 56, 8]","[15, 51, 9]","[11, 59, 5]","[10, 60, 5]","[13, 56, 6]","[16, 54, 5]","[15, 54, 6]","[20, 50, 5]","[14, 53, 8]","[14, 53, 8]","[16, 52, 7]","[14, 53, 8]","[10, 57, 8]","[11, 57, 7]","[14, 53, 8]","[8, 59, 8]","[8, 61, 6]","[10, 58, 7]","[11, 55, 9]","[15, 50, 10]","[8, 52, 15]","[16, 45, 14]","[13, 48, 14]","[32, 40, 3]","[23, 44, 8]","[19, 48, 8]","[11, 57, 7]","[10, 61, 4]","[19, 52, 4]","[33, 38, 4]","[21, 50, 4]","[2, 65, 8]","[0, 67, 8]","[0, 70, 5]","[0, 69, 6]","[0, 70, 5]","[0, 69, 6]","[0, 68, 7]","[0, 70, 5]","[0, 70, 5]","[0, 70, 5]","[0, 70, 5]","[0, 71, 4]","[0, 71, 4]","[0, 67, 8]","[0, 70, 5]","[12, 53, 10]","[10, 55, 10]","[13, 53, 9]","[16, 53, 6]","[18, 50, 7]","[14, 54, 7]","[11, 57, 7]","[11, 56, 8]","[9, 59, 7]","[8, 59, 8]","[7, 62, 6]","[7, 61, 7]","[12, 56, 7]","[16, 51, 8]","[13, 54, 8]","[14, 52, 9]","[11, 55, 9]","[12, 57, 6]","[19, 53, 3]","[19, 52, 4]","[21, 49, 5]","[18, 51, 6]","[20, 50, 5]","[12, 56, 7]","[7, 60, 8]","[6, 63, 6]","[1, 69, 5]","[3, 66, 6]","[2, 68, 5]","[9, 62, 4]","[7, 65, 3]","[8, 64, 3]","[18, 55, 2]","[45, 27, 3]","[26, 46, 3]","[19, 55, 1]","[8, 64, 3]","[12, 57, 6]","[20, 51, 4]","[47, 24, 4]","[39, 33, 3]","[62, 12, 1]","[36, 37, 2]","[23, 50, 2]","[8, 61, 6]","[41, 32, 2]","[45, 27, 3]","[0, 70, 5]","[0, 70, 5]"
elephant,"[13, 50, 12]","[14, 53, 8]","[11, 60, 4]","[1, 66, 8]","[0, 65, 10]","[0, 71, 4]","[0, 72, 3]","[0, 71, 4]","[1, 68, 6]","[0, 71, 4]","[0, 71, 4]","[0, 71, 4]","[0, 71, 4]","[0, 72, 3]","[0, 71, 4]","[0, 70, 5]","[0, 71, 4]","[0, 71, 4]","[0, 73, 2]","[0, 73, 2]","[0, 71, 4]","[0, 70, 5]","[0, 70, 5]","[0, 70, 5]","[0, 70, 5]","[0, 70, 5]","[0, 70, 5]","[0, 70, 5]","[0, 70, 5]","[0, 66, 9]","[0, 67, 8]","[0, 67, 8]","[0, 68, 7]","[0, 68, 7]","[0, 68, 7]","[0, 70, 5]","[0, 70, 5]","[0, 70, 5]","[0, 70, 5]","[0, 70, 5]","[0, 70, 5]","[0, 70, 5]","[0, 70, 5]","[0, 69, 6]","[0, 69, 6]","[0, 69, 6]","[0, 70, 5]","[0, 70, 5]","[0, 70, 5]","[13, 50, 12]","[9, 57, 9]","[10, 57, 8]","[12, 57, 6]","[3, 63, 9]","[1, 66, 8]","[1, 66, 8]","[0, 68, 7]","[0, 65, 10]","[0, 70, 5]","[0, 67, 8]","[0, 69, 6]","[0, 69, 6]","[0, 68, 7]","[0, 68, 7]","[0, 69, 6]","[0, 68, 7]","[0, 70, 5]","[0, 69, 6]","[0, 69, 6]","[0, 70, 5]","[0, 70, 5]","[0, 70, 5]","[0, 74, 1]","[0, 72, 3]","[0, 70, 5]","[0, 70, 5]","[0, 70, 5]","[0, 70, 5]","[0, 70, 5]","[0, 70, 5]","[0, 70, 5]","[0, 69, 6]","[0, 70, 5]","[0, 70, 5]","[0, 71, 4]","[0, 69, 6]","[0, 70, 5]","[0, 70, 5]","[0, 70, 5]","[0, 72, 3]","[0, 72, 3]","[0, 72, 3]","[0, 70, 5]","[0, 70, 5]","[0, 70, 5]","[0, 71, 4]","[0, 70, 5]","[0, 70, 5]","[13, 50, 12]","[15, 47, 13]","[18, 46, 11]","[22, 43, 10]","[20, 46, 9]","[19, 48, 8]","[17, 49, 9]","[27, 39, 9]","[26, 39, 10]","[19, 47, 9]","[19, 48, 8]","[20, 44, 11]","[20, 44, 11]","[21, 43, 11]","[18, 46, 11]","[21, 43, 11]","[18, 47, 10]","[18, 46, 11]","[11, 54, 10]","[11, 54, 10]","[7, 58, 10]","[4, 61, 10]","[5, 58, 12]","[6, 57, 12]","[7, 56, 12]","[8, 56, 11]","[1, 61, 13]","[2, 62, 11]","[2, 61, 12]","[3, 65, 7]","[0, 70, 5]","[0, 67, 8]","[0, 67, 8]","[0, 68, 7]","[0, 71, 4]","[0, 70, 5]","[0, 71, 4]","[0, 73, 2]","[0, 69, 6]","[0, 70, 5]","[0, 70, 5]","[0, 69, 6]","[0, 71, 4]","[0, 70, 5]","[0, 70, 5]","[0, 70, 5]","[0, 70, 5]","[0, 66, 9]","[0, 70, 5]","[13, 50, 12]","[15, 47, 13]","[14, 55, 6]","[6, 59, 10]","[6, 60, 9]","[6, 62, 7]","[2, 65, 8]","[2, 65, 8]","[2, 65, 8]","[2, 66, 7]","[2, 67, 6]","[2, 66, 7]","[1, 67, 7]","[1, 69, 5]","[2, 67, 6]","[2, 67, 6]","[2, 66, 7]","[1, 66, 8]","[0, 68, 7]","[2, 67, 6]","[0, 70, 5]","[0, 68, 7]","[0, 66, 9]","[0, 68, 7]","[0, 67, 8]","[0, 67, 8]","[0, 65, 10]","[0, 67, 8]","[0, 65, 10]","[0, 68, 7]","[0, 69, 6]","[0, 69, 6]","[0, 69, 6]","[0, 70, 5]","[0, 68, 7]","[0, 71, 4]","[0, 67, 8]","[0, 64, 11]","[0, 66, 9]","[0, 66, 9]","[0, 65, 10]","[0, 67, 8]","[0, 74, 1]","[0, 72, 3]","[0, 70, 5]","[0, 75, 0]","[0, 75, 0]","[0, 70, 5]","[0, 70, 5]"
bicycle,"[26, 44, 5]","[22, 50, 3]","[21, 48, 6]","[9, 57, 9]","[0, 67, 8]","[0, 68, 7]","[0, 69, 6]","[0, 69, 6]","[0, 69, 6]","[0, 70, 5]","[0, 69, 6]","[0, 70, 5]","[0, 70, 5]","[0, 69, 6]","[0, 69, 6]","[0, 70, 5]","[0, 70, 5]","[0, 72, 3]","[0, 70, 5]","[0, 66, 9]","[0, 72, 3]","[0, 70, 5]","[0, 70, 5]","[0, 70, 5]","[0, 70, 5]","[0, 70, 5]","[0, 70, 5]","[0, 70, 5]","[0, 70, 5]","[0, 69, 6]","[0, 69, 6]","[0, 70, 5]","[0, 70, 5]","[0, 70, 5]","[0, 74, 1]","[0, 70, 5]","[0, 70, 5]","[0, 70, 5]","[0, 72, 3]","[0, 71, 4]","[0, 70, 5]","[0, 70, 5]","[0, 70, 5]","[0, 70, 5]","[0, 70, 5]","[0, 69, 6]","[0, 70, 5]","[0, 70, 5]","[0, 70, 5]","[26, 44, 5]","[28, 40, 7]","[17, 52, 6]","[20, 50, 5]","[4, 60, 11]","[1, 62, 12]","[1, 63, 11]","[0, 63, 12]","[0, 61, 14]","[0, 63, 12]","[0, 68, 7]","[0, 69, 6]","[0, 69, 6]","[0, 70, 5]","[0, 68, 7]","[0, 68, 7]","[0, 68, 7]","[0, 70, 5]","[0, 70, 5]","[0, 70, 5]","[0, 70, 5]","[0, 70, 5]","[0, 70, 5]","[0, 69, 6]","[0, 69, 6]","[0, 70, 5]","[0, 70, 5]","[0, 70, 5]","[0, 70, 5]","[0, 70, 5]","[0, 70, 5]","[0, 70, 5]","[0, 72, 3]","[0, 72, 3]","[0, 72, 3]","[0, 70, 5]","[0, 71, 4]","[0, 71, 4]","[0, 71, 4]","[0, 70, 5]","[0, 71, 4]","[0, 72, 3]","[0, 72, 3]","[0, 69, 6]","[0, 69, 6]","[0, 70, 5]","[0, 71, 4]","[0, 70, 5]","[0, 70, 5]","[26, 44, 5]","[28, 44, 3]","[28, 43, 4]","[28, 43, 4]","[29, 41, 5]","[29, 41, 5]","[29, 41, 5]","[27, 42, 6]","[25, 44, 6]","[23, 42, 10]","[23, 45, 7]","[22, 47, 6]","[23, 46, 6]","[23, 46, 6]","[7, 62, 6]","[7, 63, 5]","[7, 61, 7]","[9, 58, 8]","[10, 59, 6]","[10, 57, 8]","[11, 54, 10]","[13, 55, 7]","[15, 53, 7]","[12, 57, 6]","[14, 53, 8]","[13, 54, 8]","[4, 64, 7]","[10, 58, 7]","[6, 62, 7]","[0, 66, 9]","[0, 66, 9]","[0, 65, 10]","[0, 64, 11]","[0, 66, 9]","[0, 69, 6]","[0, 69, 6]","[0, 70, 5]","[0, 71, 4]","[0, 68, 7]","[0, 69, 6]","[0, 68, 7]","[0, 67, 8]","[0, 69, 6]","[0, 69, 6]","[0, 71, 4]","[0, 70, 5]","[0, 71, 4]","[0, 67, 8]","[0, 70, 5]","[26, 44, 5]","[28, 44, 3]","[24, 48, 3]","[24, 49, 2]","[24, 49, 2]","[20, 51, 4]","[2, 64, 9]","[3, 64, 8]","[4, 63, 8]","[4, 61, 10]","[5, 62, 8]","[5, 61, 9]","[6, 63, 6]","[6, 63, 6]","[4, 62, 9]","[4, 62, 9]","[7, 59, 9]","[5, 62, 8]","[4, 63, 8]","[2, 62, 11]","[0, 64, 11]","[2, 67, 6]","[0, 68, 7]","[0, 67, 8]","[0, 68, 7]","[0, 68, 7]","[0, 65, 10]","[0, 68, 7]","[0, 68, 7]","[0, 66, 9]","[0, 66, 9]","[0, 65, 10]","[0, 66, 9]","[0, 65, 10]","[0, 64, 11]","[0, 71, 4]","[0, 66, 9]","[0, 63, 12]","[0, 63, 12]","[0, 65, 10]","[0, 63, 12]","[0, 64, 11]","[0, 69, 6]","[0, 72, 3]","[0, 70, 5]","[0, 73, 2]","[0, 73, 2]","[0, 70, 5]","[0, 70, 5]"
airplane,"[1, 60, 14]","[2, 61, 12]","[1, 63, 11]","[0, 69, 6]","[0, 64, 11]","[0, 70, 5]","[0, 69, 6]","[0, 69, 6]","[0, 70, 5]","[0, 70, 5]","[0, 69, 6]","[0, 70, 5]","[0, 71, 4]","[0, 71, 4]","[0, 71, 4]","[0, 71, 4]","[0, 70, 5]","[0, 70, 5]","[0, 72, 3]","[0, 70, 5]","[0, 70, 5]","[0, 70, 5]","[0, 70, 5]","[0, 70, 5]","[0, 70, 5]","[0, 70, 5]","[0, 70, 5]","[1, 69, 5]","[1, 69, 5]","[4, 66, 5]","[3, 67, 5]","[1, 68, 6]","[1, 68, 6]","[1, 68, 6]","[0, 69, 6]","[1, 69, 5]","[4, 67, 4]","[3, 68, 4]","[8, 63, 4]","[8, 63, 4]","[7, 64, 4]","[10, 61, 4]","[6, 65, 4]","[2, 68, 5]","[1, 69, 5]","[7, 63, 5]","[4, 66, 5]","[0, 70, 5]","[0, 70, 5]","[1, 60, 14]","[0, 62, 13]","[1, 67, 7]","[1, 66, 8]","[0, 70, 5]","[0, 69, 6]","[0, 68, 7]","[0, 69, 6]","[0, 69, 6]","[0, 67, 8]","[1, 67, 7]","[0, 70, 5]","[0, 69, 6]","[0, 69, 6]","[0, 69, 6]","[0, 68, 7]","[0, 69, 6]","[0, 71, 4]","[0, 71, 4]","[0, 72, 3]","[0, 70, 5]","[0, 70, 5]","[0, 70, 5]","[0, 70, 5]","[0, 70, 5]","[0, 70, 5]","[0, 70, 5]","[0, 70, 5]","[0, 70, 5]","[0, 70, 5]","[0, 70, 5]","[0, 70, 5]","[0, 69, 6]","[0, 70, 5]","[0, 70, 5]","[0, 71, 4]","[0, 70, 5]","[2, 67, 6]","[1, 68, 6]","[1, 68, 6]","[1, 68, 6]","[1, 68, 6]","[1, 68, 6]","[2, 65, 8]","[3, 64, 8]","[7, 63, 5]","[3, 68, 4]","[0, 70, 5]","[0, 70, 5]","[1, 60, 14]","[2, 64, 9]","[2, 61, 12]","[3, 58, 14]","[4, 60, 11]","[2, 60, 13]","[1, 60, 14]","[4, 61, 10]","[4, 59, 12]","[1, 63, 11]","[1, 63, 11]","[4, 57, 14]","[4, 56, 15]","[3, 58, 14]","[1, 60, 14]","[0, 64, 11]","[0, 62, 13]","[0, 62, 13]","[0, 64, 11]","[0, 61, 14]","[0, 61, 14]","[0, 64, 11]","[0, 60, 15]","[0, 63, 12]","[1, 62, 12]","[0, 59, 16]","[0, 61, 14]","[0, 62, 13]","[0, 63, 12]","[0, 64, 11]","[0, 70, 5]","[0, 68, 7]","[0, 68, 7]","[0, 69, 6]","[0, 66, 9]","[0, 64, 11]","[0, 66, 9]","[0, 65, 10]","[0, 66, 9]","[0, 67, 8]","[0, 66, 9]","[0, 67, 8]","[0, 68, 7]","[0, 71, 4]","[0, 70, 5]","[3, 70, 2]","[12, 60, 3]","[0, 69, 6]","[0, 70, 5]","[1, 60, 14]","[2, 64, 9]","[2, 64, 9]","[1, 69, 5]","[1, 68, 6]","[0, 70, 5]","[0, 67, 8]","[0, 68, 7]","[0, 67, 8]","[0, 72, 3]","[0, 69, 6]","[0, 70, 5]","[0, 70, 5]","[0, 71, 4]","[0, 70, 5]","[0, 70, 5]","[0, 70, 5]","[0, 67, 8]","[0, 68, 7]","[0, 70, 5]","[0, 69, 6]","[0, 69, 6]","[0, 69, 6]","[0, 66, 9]","[0, 68, 7]","[0, 69, 6]","[0, 69, 6]","[0, 71, 4]","[0, 70, 5]","[0, 70, 5]","[0, 70, 5]","[0, 70, 5]","[0, 71, 4]","[0, 71, 4]","[0, 70, 5]","[0, 70, 5]","[0, 71, 4]","[0, 70, 5]","[0, 68, 7]","[0, 66, 9]","[0, 66, 9]","[0, 72, 3]","[0, 71, 4]","[0, 71, 4]","[0, 71, 4]","[5, 68, 2]","[5, 68, 2]","[0, 70, 5]","[0, 70, 5]"
clock,"[65, 6, 4]","[67, 6, 2]","[62, 9, 4]","[63, 10, 2]","[63, 11, 1]","[73, 2, 0]","[74, 1, 0]","[75, 0, 0]","[74, 1, 0]","[75, 0, 0]","[73, 2, 0]","[75, 0, 0]","[75, 0, 0]","[75, 0, 0]","[75, 0, 0]","[75, 0, 0]","[74, 1, 0]","[61, 13, 1]","[29, 43, 3]","[61, 13, 1]","[72, 3, 0]","[75, 0, 0]","[75, 0, 0]","[74, 1, 0]","[75, 0, 0]","[75, 0, 0]","[75, 0, 0]","[75, 0, 0]","[74, 1, 0]","[70, 5, 0]","[70, 5, 0]","[69, 6, 0]","[71, 3, 1]","[70, 4, 1]","[67, 8, 0]","[16, 54, 5]","[12, 58, 5]","[15, 55, 5]","[16, 54, 5]","[16, 54, 5]","[7, 63, 5]","[3, 67, 5]","[1, 69, 5]","[1, 69, 5]","[1, 69, 5]","[1, 69, 5]","[0, 70, 5]","[0, 70, 5]","[0, 70, 5]","[65, 6, 4]","[63, 10, 2]","[57, 17, 1]","[56, 18, 1]","[39, 32, 4]","[47, 27, 1]","[50, 24, 1]","[47, 26, 2]","[50, 24, 1]","[27, 45, 3]","[56, 17, 2]","[66, 8, 1]","[66, 9, 0]","[64, 11, 0]","[66, 9, 0]","[58, 16, 1]","[60, 14, 1]","[37, 33, 5]","[10, 60, 5]","[7, 63, 5]","[17, 54, 4]","[13, 58, 4]","[11, 61, 3]","[44, 28, 3]","[38, 34, 3]","[75, 0, 0]","[75, 0, 0]","[75, 0, 0]","[75, 0, 0]","[75, 0, 0]","[75, 0, 0]","[61, 11, 3]","[57, 17, 1]","[52, 23, 0]","[46, 29, 0]","[43, 31, 1]","[59, 14, 2]","[51, 23, 1]","[46, 27, 2]","[52, 22, 1]","[45, 27, 3]","[42, 30, 3]","[46, 26, 3]","[58, 15, 2]","[69, 6, 0]","[72, 3, 0]","[0, 70, 5]","[0, 70, 5]","[0, 70, 5]","[65, 6, 4]","[67, 6, 2]","[66, 7, 2]","[65, 7, 3]","[65, 7, 3]","[66, 6, 3]","[65, 6, 4]","[65, 7, 3]","[65, 7, 3]","[64, 8, 3]","[64, 8, 3]","[63, 8, 4]","[63, 8, 4]","[64, 8, 3]","[61, 12, 2]","[61, 12, 2]","[62, 11, 2]","[63, 10, 2]","[59, 14, 2]","[53, 20, 2]","[58, 15, 2]","[65, 9, 1]","[63, 10, 2]","[63, 11, 1]","[65, 8, 2]","[64, 8, 3]","[58, 15, 2]","[55, 18, 2]","[48, 26, 1]","[33, 36, 6]","[24, 46, 5]","[17, 54, 4]","[11, 60, 4]","[3, 66, 6]","[19, 51, 5]","[30, 40, 5]","[23, 47, 5]","[32, 37, 6]","[44, 26, 5]","[41, 31, 3]","[33, 36, 6]","[34, 36, 5]","[10, 59, 6]","[13, 58, 4]","[1, 69, 5]","[0, 73, 2]","[0, 71, 4]","[2, 64, 9]","[0, 70, 5]","[65, 6, 4]","[67, 6, 2]","[67, 6, 2]","[66, 8, 1]","[66, 7, 2]","[66, 8, 1]","[59, 15, 1]","[59, 15, 1]","[60, 14, 1]","[60, 14, 1]","[58, 16, 1]","[58, 16, 1]","[58, 16, 1]","[59, 14, 2]","[59, 14, 2]","[59, 14, 2]","[59, 14, 2]","[61, 14, 0]","[59, 15, 1]","[61, 13, 1]","[62, 13, 0]","[61, 13, 1]","[61, 12, 2]","[54, 19, 2]","[56, 18, 1]","[56, 17, 2]","[49, 24, 2]","[53, 20, 2]","[51, 22, 2]","[29, 42, 4]","[30, 41, 4]","[28, 43, 4]","[47, 27, 1]","[42, 31, 2]","[8, 61, 6]","[30, 41, 4]","[16, 55, 4]","[20, 51, 4]","[23, 46, 6]","[34, 34, 7]","[16, 54, 5]","[15, 54, 6]","[28, 46, 1]","[19, 52, 4]","[72, 3, 0]","[50, 23, 2]","[46, 27, 2]","[75, 0, 0]","[0, 70, 5]"
oven,"[40, 33, 2]","[39, 32, 4]","[39, 33, 3]","[38, 33, 4]","[13, 60, 2]","[7, 63, 5]","[6, 64, 5]","[2, 68, 5]","[2, 68, 5]","[0, 70, 5]","[1, 69, 5]","[0, 70, 5]","[0, 69, 6]","[0, 70, 5]","[0, 69, 6]","[0, 70, 5]","[0, 69, 6]","[0, 70, 5]","[0, 71, 4]","[0, 71, 4]","[0, 68, 7]","[0, 70, 5]","[0, 70, 5]","[0, 70, 5]","[0, 70, 5]","[0, 70, 5]","[0, 70, 5]","[0, 70, 5]","[0, 70, 5]","[0, 68, 7]","[0, 68, 7]","[0, 69, 6]","[0, 70, 5]","[0, 70, 5]","[0, 70, 5]","[0, 70, 5]","[0, 70, 5]","[0, 70, 5]","[0, 70, 5]","[0, 70, 5]","[0, 69, 6]","[0, 69, 6]","[0, 69, 6]","[0, 70, 5]","[0, 69, 6]","[0, 69, 6]","[0, 70, 5]","[0, 70, 5]","[0, 70, 5]","[40, 33, 2]","[41, 29, 5]","[38, 31, 6]","[40, 31, 4]","[15, 54, 6]","[18, 50, 7]","[5, 63, 7]","[0, 68, 7]","[0, 67, 8]","[0, 68, 7]","[0, 69, 6]","[0, 69, 6]","[0, 69, 6]","[0, 70, 5]","[0, 70, 5]","[0, 69, 6]","[0, 69, 6]","[0, 69, 6]","[0, 71, 4]","[0, 71, 4]","[0, 70, 5]","[0, 70, 5]","[0, 71, 4]","[0, 71, 4]","[0, 70, 5]","[0, 70, 5]","[0, 70, 5]","[0, 70, 5]","[0, 70, 5]","[0, 70, 5]","[0, 70, 5]","[0, 68, 7]","[0, 70, 5]","[0, 70, 5]","[0, 70, 5]","[0, 70, 5]","[0, 70, 5]","[0, 71, 4]","[0, 71, 4]","[0, 70, 5]","[0, 71, 4]","[0, 71, 4]","[0, 71, 4]","[0, 70, 5]","[0, 70, 5]","[0, 70, 5]","[0, 71, 4]","[0, 70, 5]","[0, 70, 5]","[40, 33, 2]","[35, 35, 5]","[41, 29, 5]","[29, 39, 7]","[27, 41, 7]","[24, 43, 8]","[25, 43, 7]","[28, 41, 6]","[30, 40, 5]","[29, 40, 6]","[27, 42, 6]","[35, 34, 6]","[35, 34, 6]","[35, 34, 6]","[23, 47, 5]","[23, 48, 4]","[24, 47, 4]","[29, 41, 5]","[22, 48, 5]","[22, 48, 5]","[17, 52, 6]","[17, 51, 7]","[15, 51, 9]","[19, 51, 5]","[18, 52, 5]","[20, 51, 4]","[13, 58, 4]","[8, 59, 8]","[6, 65, 4]","[5, 67, 3]","[0, 69, 6]","[0, 67, 8]","[0, 70, 5]","[0, 69, 6]","[0, 69, 6]","[0, 66, 9]","[0, 70, 5]","[0, 69, 6]","[0, 67, 8]","[0, 68, 7]","[0, 67, 8]","[0, 68, 7]","[0, 69, 6]","[0, 69, 6]","[0, 70, 5]","[0, 70, 5]","[1, 69, 5]","[0, 69, 6]","[0, 70, 5]","[40, 33, 2]","[35, 35, 5]","[33, 38, 4]","[34, 38, 3]","[30, 42, 3]","[35, 38, 2]","[36, 38, 1]","[34, 40, 1]","[35, 39, 1]","[30, 44, 1]","[22, 50, 3]","[23, 50, 2]","[23, 50, 2]","[24, 51, 0]","[22, 52, 1]","[21, 52, 2]","[22, 50, 3]","[21, 53, 1]","[21, 51, 3]","[28, 45, 2]","[29, 44, 2]","[29, 45, 1]","[25, 48, 2]","[28, 46, 1]","[19, 53, 3]","[19, 53, 3]","[3, 67, 5]","[1, 69, 5]","[1, 69, 5]","[0, 70, 5]","[1, 69, 5]","[1, 69, 5]","[0, 71, 4]","[0, 70, 5]","[0, 69, 6]","[0, 71, 4]","[0, 69, 6]","[1, 67, 7]","[1, 64, 10]","[0, 68, 7]","[0, 68, 7]","[0, 72, 3]","[1, 68, 6]","[0, 71, 4]","[0, 71, 4]","[0, 73, 2]","[0, 72, 3]","[0, 70, 5]","[0, 70, 5]"
chair,"[32, 35, 8]","[37, 33, 5]","[39, 30, 6]","[20, 49, 6]","[17, 55, 3]","[9, 62, 4]","[3, 68, 4]","[1, 69, 5]","[2, 68, 5]","[1, 68, 6]","[0, 70, 5]","[0, 70, 5]","[0, 70, 5]","[0, 70, 5]","[0, 70, 5]","[0, 70, 5]","[0, 70, 5]","[0, 71, 4]","[0, 74, 1]","[0, 70, 5]","[0, 70, 5]","[0, 70, 5]","[0, 70, 5]","[0, 70, 5]","[0, 70, 5]","[0, 70, 5]","[0, 70, 5]","[0, 70, 5]","[0, 70, 5]","[0, 68, 7]","[0, 69, 6]","[0, 68, 7]","[0, 69, 6]","[0, 69, 6]","[0, 69, 6]","[0, 70, 5]","[0, 71, 4]","[0, 72, 3]","[0, 72, 3]","[0, 72, 3]","[0, 70, 5]","[0, 70, 5]","[0, 70, 5]","[0, 70, 5]","[0, 70, 5]","[0, 70, 5]","[0, 70, 5]","[0, 70, 5]","[0, 70, 5]","[32, 35, 8]","[36, 33, 6]","[22, 46, 7]","[23, 46, 6]","[19, 52, 4]","[22, 52, 1]","[25, 48, 2]","[24, 46, 5]","[20, 49, 6]","[11, 59, 5]","[1, 68, 6]","[3, 66, 6]","[2, 67, 6]","[2, 68, 5]","[6, 63, 6]","[2, 66, 7]","[4, 64, 7]","[0, 67, 8]","[0, 70, 5]","[0, 70, 5]","[1, 69, 5]","[1, 69, 5]","[2, 68, 5]","[4, 67, 4]","[5, 64, 6]","[0, 70, 5]","[0, 70, 5]","[0, 68, 7]","[0, 70, 5]","[0, 70, 5]","[0, 70, 5]","[0, 68, 7]","[0, 69, 6]","[0, 73, 2]","[0, 71, 4]","[0, 70, 5]","[0, 69, 6]","[0, 69, 6]","[0, 71, 4]","[0, 70, 5]","[0, 71, 4]","[0, 71, 4]","[0, 71, 4]","[0, 69, 6]","[0, 69, 6]","[0, 70, 5]","[0, 71, 4]","[0, 70, 5]","[0, 70, 5]","[32, 35, 8]","[35, 33, 7]","[31, 36, 8]","[36, 32, 7]","[36, 31, 8]","[40, 29, 6]","[37, 30, 8]","[32, 33, 10]","[39, 27, 9]","[44, 25, 6]","[44, 26, 5]","[37, 30, 8]","[38, 30, 7]","[36, 30, 9]","[39, 28, 8]","[39, 28, 8]","[40, 27, 8]","[38, 29, 8]","[37, 29, 9]","[36, 30, 9]","[24, 40, 11]","[32, 34, 9]","[26, 41, 8]","[27, 39, 9]","[29, 38, 8]","[30, 37, 8]","[42, 27, 6]","[52, 16, 7]","[43, 24, 8]","[64, 10, 1]","[57, 16, 2]","[62, 11, 2]","[49, 23, 3]","[70, 5, 0]","[26, 47, 2]","[14, 57, 4]","[19, 54, 2]","[14, 57, 4]","[9, 60, 6]","[6, 62, 7]","[22, 47, 6]","[22, 47, 6]","[53, 22, 0]","[8, 64, 3]","[2, 68, 5]","[0, 70, 5]","[0, 71, 4]","[0, 66, 9]","[0, 70, 5]","[32, 35, 8]","[35, 33, 7]","[40, 31, 4]","[35, 38, 2]","[37, 36, 2]","[40, 32, 3]","[34, 35, 6]","[33, 36, 6]","[29, 40, 6]","[35, 35, 5]","[34, 39, 2]","[37, 36, 2]","[38, 35, 2]","[39, 34, 2]","[39, 34, 2]","[38, 35, 2]","[35, 38, 2]","[26, 47, 2]","[29, 44, 2]","[34, 39, 2]","[35, 39, 1]","[30, 43, 2]","[29, 44, 2]","[33, 40, 2]","[53, 21, 1]","[57, 17, 1]","[61, 13, 1]","[53, 21, 1]","[56, 18, 1]","[67, 7, 1]","[68, 6, 1]","[71, 4, 0]","[61, 13, 1]","[54, 19, 2]","[65, 9, 1]","[51, 23, 1]","[53, 19, 3]","[44, 25, 6]","[46, 24, 5]","[35, 33, 7]","[44, 28, 3]","[6, 60, 9]","[35, 39, 1]","[51, 23, 1]","[10, 60, 5]","[8, 65, 2]","[10, 64, 1]","[0, 70, 5]","[0, 70, 5]"
bear,"[5, 59, 11]","[2, 59, 14]","[2, 62, 11]","[1, 66, 8]","[0, 68, 7]","[0, 69, 6]","[0, 70, 5]","[0, 69, 6]","[0, 68, 7]","[0, 69, 6]","[0, 70, 5]","[0, 70, 5]","[0, 70, 5]","[0, 71, 4]","[0, 71, 4]","[0, 70, 5]","[0, 70, 5]","[0, 68, 7]","[0, 71, 4]","[0, 70, 5]","[0, 70, 5]","[0, 70, 5]","[0, 70, 5]","[0, 70, 5]","[0, 70, 5]","[0, 70, 5]","[0, 70, 5]","[0, 70, 5]","[0, 70, 5]","[0, 69, 6]","[0, 69, 6]","[0, 68, 7]","[0, 69, 6]","[0, 69, 6]","[0, 69, 6]","[0, 70, 5]","[0, 70, 5]","[0, 70, 5]","[0, 70, 5]","[0, 71, 4]","[0, 70, 5]","[0, 70, 5]","[0, 70, 5]","[0, 70, 5]","[0, 70, 5]","[0, 70, 5]","[0, 70, 5]","[0, 70, 5]","[0, 70, 5]","[5, 59, 11]","[2, 57, 16]","[1, 61, 13]","[1, 60, 14]","[0, 68, 7]","[0, 64, 11]","[0, 65, 10]","[0, 68, 7]","[0, 68, 7]","[0, 65, 10]","[0, 69, 6]","[0, 69, 6]","[0, 70, 5]","[0, 70, 5]","[0, 68, 7]","[0, 66, 9]","[0, 64, 11]","[0, 66, 9]","[0, 71, 4]","[0, 71, 4]","[0, 69, 6]","[0, 69, 6]","[0, 71, 4]","[0, 70, 5]","[0, 71, 4]","[0, 70, 5]","[0, 70, 5]","[0, 69, 6]","[0, 70, 5]","[0, 70, 5]","[0, 70, 5]","[0, 70, 5]","[0, 71, 4]","[0, 70, 5]","[0, 71, 4]","[0, 71, 4]","[0, 70, 5]","[0, 70, 5]","[0, 73, 2]","[0, 70, 5]","[0, 69, 6]","[0, 70, 5]","[0, 69, 6]","[0, 69, 6]","[0, 69, 6]","[0, 70, 5]","[0, 72, 3]","[0, 70, 5]","[0, 70, 5]","[5, 59, 11]","[3, 58, 14]","[3, 57, 15]","[2, 59, 14]","[1, 57, 17]","[2, 56, 17]","[2, 55, 18]","[2, 53, 20]","[1, 59, 15]","[0, 58, 17]","[0, 59, 16]","[1, 61, 13]","[0, 62, 13]","[0, 61, 14]","[0, 63, 12]","[0, 63, 12]","[0, 63, 12]","[0, 64, 11]","[0, 68, 7]","[0, 69, 6]","[0, 67, 8]","[0, 64, 11]","[0, 64, 11]","[0, 65, 10]","[0, 65, 10]","[0, 64, 11]","[0, 60, 15]","[1, 64, 10]","[1, 65, 9]","[0, 67, 8]","[0, 68, 7]","[0, 68, 7]","[0, 67, 8]","[0, 67, 8]","[0, 68, 7]","[0, 68, 7]","[0, 68, 7]","[0, 68, 7]","[0, 69, 6]","[0, 69, 6]","[0, 69, 6]","[0, 69, 6]","[0, 72, 3]","[0, 72, 3]","[0, 72, 3]","[0, 71, 4]","[0, 70, 5]","[0, 69, 6]","[0, 70, 5]","[5, 59, 11]","[3, 58, 14]","[1, 59, 15]","[1, 60, 14]","[1, 61, 13]","[1, 65, 9]","[1, 66, 8]","[0, 66, 9]","[0, 68, 7]","[1, 64, 10]","[1, 64, 10]","[1, 65, 9]","[1, 64, 10]","[0, 64, 11]","[0, 65, 10]","[0, 65, 10]","[1, 62, 12]","[1, 67, 7]","[0, 69, 6]","[0, 68, 7]","[0, 70, 5]","[0, 66, 9]","[0, 66, 9]","[0, 67, 8]","[0, 68, 7]","[0, 68, 7]","[0, 70, 5]","[0, 72, 3]","[0, 73, 2]","[0, 71, 4]","[0, 72, 3]","[0, 73, 2]","[0, 74, 1]","[0, 69, 6]","[0, 67, 8]","[0, 73, 2]","[0, 70, 5]","[0, 68, 7]","[0, 69, 6]","[0, 67, 8]","[0, 68, 7]","[0, 69, 6]","[0, 73, 2]","[0, 70, 5]","[0, 68, 7]","[0, 71, 4]","[0, 73, 2]","[0, 70, 5]","[0, 70, 5]"
boat,"[9, 50, 16]","[5, 59, 11]","[3, 59, 13]","[0, 63, 12]","[0, 67, 8]","[0, 71, 4]","[0, 70, 5]","[0, 71, 4]","[0, 70, 5]","[0, 70, 5]","[0, 70, 5]","[0, 70, 5]","[0, 69, 6]","[0, 70, 5]","[0, 70, 5]","[0, 69, 6]","[0, 69, 6]","[0, 72, 3]","[0, 72, 3]","[0, 72, 3]","[0, 73, 2]","[0, 70, 5]","[0, 70, 5]","[0, 70, 5]","[0, 70, 5]","[0, 70, 5]","[0, 70, 5]","[0, 70, 5]","[0, 70, 5]","[0, 69, 6]","[0, 69, 6]","[0, 70, 5]","[0, 70, 5]","[0, 70, 5]","[0, 71, 4]","[0, 70, 5]","[0, 71, 4]","[0, 70, 5]","[0, 68, 7]","[0, 69, 6]","[0, 69, 6]","[0, 69, 6]","[0, 70, 5]","[0, 69, 6]","[0, 70, 5]","[0, 69, 6]","[0, 69, 6]","[0, 70, 5]","[0, 70, 5]","[9, 50, 16]","[11, 51, 13]","[4, 60, 11]","[3, 61, 11]","[0, 61, 14]","[0, 58, 17]","[0, 62, 13]","[0, 67, 8]","[0, 63, 12]","[0, 68, 7]","[0, 65, 10]","[0, 68, 7]","[0, 68, 7]","[0, 68, 7]","[0, 70, 5]","[0, 66, 9]","[0, 67, 8]","[0, 72, 3]","[0, 71, 4]","[0, 70, 5]","[0, 71, 4]","[0, 71, 4]","[0, 70, 5]","[0, 69, 6]","[0, 69, 6]","[0, 70, 5]","[0, 70, 5]","[0, 70, 5]","[0, 70, 5]","[0, 70, 5]","[0, 70, 5]","[0, 71, 4]","[0, 71, 4]","[0, 72, 3]","[0, 71, 4]","[0, 71, 4]","[0, 71, 4]","[0, 71, 4]","[0, 72, 3]","[0, 71, 4]","[0, 73, 2]","[0, 73, 2]","[0, 73, 2]","[0, 72, 3]","[0, 70, 5]","[0, 70, 5]","[8, 63, 4]","[0, 70, 5]","[0, 70, 5]","[9, 50, 16]","[8, 53, 14]","[11, 50, 14]","[10, 49, 16]","[5, 51, 19]","[3, 56, 16]","[4, 54, 17]","[3, 58, 14]","[3, 55, 17]","[2, 56, 17]","[3, 55, 17]","[2, 58, 15]","[2, 59, 14]","[2, 57, 16]","[1, 59, 15]","[3, 58, 14]","[3, 58, 14]","[1, 60, 14]","[1, 61, 13]","[3, 58, 14]","[3, 59, 13]","[3, 59, 13]","[3, 60, 12]","[1, 65, 9]","[3, 62, 10]","[2, 64, 9]","[2, 61, 12]","[2, 60, 13]","[0, 63, 12]","[0, 63, 12]","[1, 65, 9]","[0, 67, 8]","[0, 68, 7]","[0, 69, 6]","[0, 70, 5]","[0, 70, 5]","[0, 72, 3]","[0, 71, 4]","[0, 66, 9]","[0, 68, 7]","[0, 70, 5]","[0, 70, 5]","[0, 72, 3]","[0, 69, 6]","[2, 68, 5]","[0, 70, 5]","[0, 71, 4]","[33, 38, 4]","[0, 70, 5]","[9, 50, 16]","[8, 53, 14]","[3, 60, 12]","[2, 61, 12]","[2, 61, 12]","[1, 63, 11]","[0, 65, 10]","[0, 65, 10]","[0, 65, 10]","[0, 64, 11]","[1, 64, 10]","[0, 65, 10]","[0, 64, 11]","[0, 64, 11]","[0, 66, 9]","[0, 66, 9]","[0, 67, 8]","[0, 64, 11]","[1, 60, 14]","[1, 61, 13]","[0, 63, 12]","[0, 62, 13]","[1, 62, 12]","[0, 62, 13]","[1, 66, 8]","[0, 67, 8]","[1, 68, 6]","[0, 68, 7]","[1, 68, 6]","[0, 69, 6]","[0, 69, 6]","[0, 69, 6]","[0, 68, 7]","[0, 67, 8]","[0, 67, 8]","[0, 71, 4]","[0, 68, 7]","[0, 66, 9]","[0, 68, 7]","[0, 68, 7]","[0, 66, 9]","[0, 72, 3]","[0, 71, 4]","[0, 69, 6]","[0, 70, 5]","[2, 67, 6]","[2, 66, 7]","[0, 70, 5]","[0, 70, 5]"
cat,"[15, 54, 6]","[7, 52, 16]","[11, 57, 7]","[7, 57, 11]","[4, 61, 10]","[0, 71, 4]","[0, 70, 5]","[2, 67, 6]","[0, 69, 6]","[0, 70, 5]","[0, 70, 5]","[0, 70, 5]","[0, 70, 5]","[0, 71, 4]","[0, 71, 4]","[0, 71, 4]","[0, 70, 5]","[0, 72, 3]","[0, 71, 4]","[0, 72, 3]","[0, 73, 2]","[0, 70, 5]","[0, 70, 5]","[0, 70, 5]","[0, 70, 5]","[0, 70, 5]","[0, 70, 5]","[0, 70, 5]","[0, 69, 6]","[0, 68, 7]","[0, 68, 7]","[0, 70, 5]","[0, 70, 5]","[0, 70, 5]","[0, 71, 4]","[0, 70, 5]","[0, 70, 5]","[0, 70, 5]","[0, 70, 5]","[0, 69, 6]","[0, 70, 5]","[0, 69, 6]","[0, 70, 5]","[0, 70, 5]","[0, 69, 6]","[0, 69, 6]","[0, 70, 5]","[0, 70, 5]","[0, 70, 5]","[15, 54, 6]","[13, 55, 7]","[10, 60, 5]","[10, 60, 5]","[11, 61, 3]","[9, 61, 5]","[4, 63, 8]","[0, 67, 8]","[0, 67, 8]","[0, 64, 11]","[0, 67, 8]","[0, 69, 6]","[0, 68, 7]","[0, 69, 6]","[0, 70, 5]","[0, 69, 6]","[0, 68, 7]","[0, 70, 5]","[0, 70, 5]","[0, 70, 5]","[0, 70, 5]","[0, 70, 5]","[0, 70, 5]","[0, 70, 5]","[0, 70, 5]","[0, 70, 5]","[0, 70, 5]","[0, 70, 5]","[0, 70, 5]","[0, 70, 5]","[0, 70, 5]","[0, 69, 6]","[0, 69, 6]","[0, 74, 1]","[0, 73, 2]","[0, 71, 4]","[0, 69, 6]","[0, 70, 5]","[0, 73, 2]","[0, 70, 5]","[0, 73, 2]","[0, 73, 2]","[0, 73, 2]","[0, 70, 5]","[0, 70, 5]","[0, 70, 5]","[0, 73, 2]","[0, 70, 5]","[0, 70, 5]","[15, 54, 6]","[15, 54, 6]","[15, 53, 7]","[15, 52, 8]","[20, 48, 7]","[20, 50, 5]","[20, 50, 5]","[21, 50, 4]","[23, 48, 4]","[20, 49, 6]","[19, 51, 5]","[23, 47, 5]","[24, 46, 5]","[23, 47, 5]","[30, 41, 4]","[30, 40, 5]","[32, 38, 5]","[30, 41, 4]","[37, 34, 4]","[41, 32, 2]","[36, 37, 2]","[25, 45, 5]","[25, 47, 3]","[10, 58, 7]","[12, 55, 8]","[11, 56, 8]","[17, 50, 8]","[18, 48, 9]","[7, 60, 8]","[2, 66, 7]","[0, 67, 8]","[0, 67, 8]","[0, 68, 7]","[0, 70, 5]","[0, 72, 3]","[0, 72, 3]","[0, 71, 4]","[0, 70, 5]","[0, 68, 7]","[0, 68, 7]","[0, 70, 5]","[0, 69, 6]","[0, 71, 4]","[0, 70, 5]","[0, 70, 5]","[0, 71, 4]","[0, 71, 4]","[0, 68, 7]","[0, 70, 5]","[15, 54, 6]","[15, 54, 6]","[7, 53, 15]","[5, 58, 12]","[4, 59, 12]","[0, 64, 11]","[0, 65, 10]","[0, 65, 10]","[0, 65, 10]","[0, 63, 12]","[0, 65, 10]","[0, 65, 10]","[0, 65, 10]","[0, 64, 11]","[0, 64, 11]","[0, 64, 11]","[0, 63, 12]","[0, 62, 13]","[1, 66, 8]","[1, 64, 10]","[0, 66, 9]","[0, 68, 7]","[0, 69, 6]","[0, 70, 5]","[0, 69, 6]","[0, 69, 6]","[0, 66, 9]","[0, 65, 10]","[1, 66, 8]","[0, 70, 5]","[0, 69, 6]","[0, 70, 5]","[0, 70, 5]","[0, 69, 6]","[0, 71, 4]","[0, 68, 7]","[0, 73, 2]","[0, 69, 6]","[0, 70, 5]","[0, 66, 9]","[0, 68, 7]","[0, 69, 6]","[0, 72, 3]","[0, 71, 4]","[0, 68, 7]","[0, 73, 2]","[0, 72, 3]","[0, 70, 5]","[0, 70, 5]"
bottle,"[46, 20, 9]","[53, 18, 4]","[42, 30, 3]","[31, 41, 3]","[38, 34, 3]","[25, 49, 1]","[21, 53, 1]","[26, 48, 1]","[17, 57, 1]","[7, 64, 4]","[12, 60, 3]","[3, 67, 5]","[2, 68, 5]","[7, 63, 5]","[4, 67, 4]","[1, 69, 5]","[0, 73, 2]","[0, 72, 3]","[0, 73, 2]","[0, 70, 5]","[0, 70, 5]","[0, 70, 5]","[0, 70, 5]","[0, 70, 5]","[0, 70, 5]","[0, 70, 5]","[0, 70, 5]","[0, 70, 5]","[0, 70, 5]","[0, 69, 6]","[0, 69, 6]","[0, 68, 7]","[0, 70, 5]","[0, 70, 5]","[0, 71, 4]","[0, 70, 5]","[0, 70, 5]","[0, 70, 5]","[0, 70, 5]","[0, 70, 5]","[0, 70, 5]","[0, 70, 5]","[0, 70, 5]","[0, 70, 5]","[0, 70, 5]","[0, 69, 6]","[0, 70, 5]","[0, 70, 5]","[0, 70, 5]","[46, 20, 9]","[46, 19, 10]","[64, 6, 5]","[64, 6, 5]","[62, 11, 2]","[59, 15, 1]","[56, 17, 2]","[49, 24, 2]","[55, 19, 1]","[48, 24, 3]","[50, 22, 3]","[32, 40, 3]","[26, 45, 4]","[26, 43, 6]","[1, 66, 8]","[0, 67, 8]","[10, 57, 8]","[4, 66, 5]","[63, 11, 1]","[66, 9, 0]","[47, 28, 0]","[52, 23, 0]","[45, 30, 0]","[23, 49, 3]","[26, 47, 2]","[0, 70, 5]","[0, 70, 5]","[0, 70, 5]","[0, 70, 5]","[0, 70, 5]","[0, 70, 5]","[2, 68, 5]","[2, 69, 4]","[0, 73, 2]","[0, 73, 2]","[0, 74, 1]","[1, 70, 4]","[0, 72, 3]","[0, 72, 3]","[1, 69, 5]","[0, 71, 4]","[0, 73, 2]","[0, 72, 3]","[0, 68, 7]","[0, 68, 7]","[0, 69, 6]","[0, 70, 5]","[0, 70, 5]","[0, 70, 5]","[46, 20, 9]","[44, 22, 9]","[40, 26, 9]","[45, 21, 9]","[46, 21, 8]","[45, 22, 8]","[45, 22, 8]","[43, 25, 7]","[39, 29, 7]","[35, 32, 8]","[34, 34, 7]","[34, 33, 8]","[34, 34, 7]","[37, 32, 6]","[41, 29, 5]","[40, 29, 6]","[38, 30, 7]","[40, 29, 6]","[41, 29, 5]","[39, 29, 7]","[39, 30, 6]","[42, 29, 4]","[52, 19, 4]","[62, 10, 3]","[57, 13, 5]","[59, 12, 4]","[43, 28, 4]","[38, 33, 4]","[31, 39, 5]","[34, 39, 2]","[16, 56, 3]","[31, 44, 0]","[21, 52, 2]","[1, 69, 5]","[0, 68, 7]","[0, 67, 8]","[0, 68, 7]","[0, 69, 6]","[0, 68, 7]","[0, 67, 8]","[1, 64, 10]","[1, 65, 9]","[0, 70, 5]","[6, 64, 5]","[8, 62, 5]","[6, 64, 5]","[2, 69, 4]","[0, 68, 7]","[0, 70, 5]","[46, 20, 9]","[44, 22, 9]","[52, 21, 2]","[47, 23, 5]","[50, 22, 3]","[55, 17, 3]","[55, 19, 1]","[56, 18, 1]","[57, 17, 1]","[54, 20, 1]","[53, 21, 1]","[50, 24, 1]","[54, 20, 1]","[47, 27, 1]","[48, 26, 1]","[50, 24, 1]","[49, 24, 2]","[51, 23, 1]","[47, 28, 0]","[46, 29, 0]","[48, 26, 1]","[45, 29, 1]","[48, 26, 1]","[59, 16, 0]","[45, 28, 2]","[44, 29, 2]","[32, 41, 2]","[34, 39, 2]","[44, 29, 2]","[15, 56, 4]","[18, 53, 4]","[26, 47, 2]","[5, 67, 3]","[3, 67, 5]","[3, 67, 5]","[0, 70, 5]","[2, 66, 7]","[3, 67, 5]","[2, 68, 5]","[13, 58, 4]","[5, 62, 8]","[8, 62, 5]","[1, 71, 3]","[3, 70, 2]","[0, 70, 5]","[1, 73, 1]","[1, 74, 0]","[0, 70, 5]","[0, 70, 5]"
truck,"[36, 31, 8]","[44, 25, 6]","[28, 36, 11]","[7, 60, 8]","[2, 63, 10]","[0, 70, 5]","[0, 69, 6]","[0, 69, 6]","[0, 71, 4]","[0, 70, 5]","[0, 71, 4]","[0, 71, 4]","[0, 70, 5]","[0, 71, 4]","[0, 72, 3]","[0, 72, 3]","[0, 69, 6]","[0, 71, 4]","[0, 70, 5]","[0, 72, 3]","[0, 69, 6]","[0, 70, 5]","[0, 70, 5]","[0, 70, 5]","[0, 70, 5]","[0, 70, 5]","[0, 70, 5]","[0, 70, 5]","[0, 70, 5]","[0, 70, 5]","[0, 70, 5]","[0, 67, 8]","[0, 67, 8]","[0, 67, 8]","[0, 67, 8]","[0, 70, 5]","[0, 70, 5]","[0, 70, 5]","[0, 70, 5]","[0, 70, 5]","[0, 70, 5]","[0, 70, 5]","[0, 70, 5]","[0, 70, 5]","[0, 70, 5]","[0, 69, 6]","[0, 70, 5]","[0, 70, 5]","[0, 70, 5]","[36, 31, 8]","[35, 32, 8]","[21, 42, 12]","[22, 42, 11]","[1, 62, 12]","[1, 68, 6]","[0, 66, 9]","[1, 68, 6]","[0, 69, 6]","[4, 67, 4]","[0, 69, 6]","[1, 69, 5]","[2, 67, 6]","[1, 67, 7]","[0, 70, 5]","[0, 71, 4]","[0, 70, 5]","[0, 65, 10]","[0, 71, 4]","[0, 71, 4]","[0, 71, 4]","[0, 70, 5]","[0, 70, 5]","[0, 70, 5]","[0, 70, 5]","[0, 69, 6]","[0, 70, 5]","[0, 70, 5]","[0, 70, 5]","[0, 70, 5]","[0, 70, 5]","[0, 69, 6]","[0, 69, 6]","[0, 69, 6]","[0, 70, 5]","[0, 69, 6]","[0, 69, 6]","[0, 69, 6]","[0, 71, 4]","[0, 70, 5]","[0, 71, 4]","[0, 71, 4]","[0, 70, 5]","[0, 70, 5]","[0, 70, 5]","[0, 70, 5]","[0, 71, 4]","[0, 70, 5]","[0, 70, 5]","[36, 31, 8]","[33, 32, 10]","[35, 32, 8]","[37, 31, 7]","[38, 29, 8]","[30, 37, 8]","[30, 37, 8]","[34, 34, 7]","[28, 40, 7]","[26, 42, 7]","[26, 40, 9]","[24, 43, 8]","[23, 43, 9]","[23, 44, 8]","[8, 54, 13]","[8, 55, 12]","[8, 55, 12]","[8, 54, 13]","[4, 60, 11]","[5, 60, 10]","[11, 50, 14]","[7, 59, 9]","[7, 56, 12]","[9, 59, 7]","[12, 54, 9]","[11, 55, 9]","[15, 50, 10]","[11, 53, 11]","[13, 54, 8]","[3, 63, 9]","[0, 69, 6]","[0, 67, 8]","[0, 66, 9]","[0, 71, 4]","[0, 68, 7]","[0, 68, 7]","[0, 70, 5]","[0, 70, 5]","[0, 70, 5]","[0, 69, 6]","[0, 72, 3]","[0, 70, 5]","[0, 70, 5]","[0, 70, 5]","[0, 69, 6]","[0, 71, 4]","[0, 70, 5]","[0, 69, 6]","[0, 70, 5]","[36, 31, 8]","[33, 32, 10]","[40, 29, 6]","[48, 24, 3]","[48, 23, 4]","[40, 30, 5]","[45, 27, 3]","[46, 26, 3]","[46, 26, 3]","[39, 32, 4]","[44, 28, 3]","[45, 28, 2]","[42, 31, 2]","[44, 28, 3]","[43, 28, 4]","[43, 28, 4]","[44, 28, 3]","[48, 23, 4]","[45, 24, 6]","[40, 30, 5]","[36, 30, 9]","[39, 30, 6]","[47, 24, 4]","[30, 37, 8]","[25, 44, 6]","[17, 50, 8]","[5, 66, 4]","[10, 61, 4]","[8, 63, 4]","[1, 70, 4]","[1, 71, 3]","[0, 71, 4]","[0, 68, 7]","[0, 71, 4]","[0, 69, 6]","[0, 71, 4]","[0, 68, 7]","[0, 66, 9]","[0, 67, 8]","[0, 68, 7]","[0, 69, 6]","[0, 69, 6]","[0, 70, 5]","[0, 71, 4]","[0, 69, 6]","[0, 71, 4]","[0, 71, 4]","[0, 70, 5]","[0, 70, 5]"
car,"[13, 49, 13]","[3, 60, 12]","[1, 61, 13]","[0, 65, 10]","[0, 66, 9]","[0, 70, 5]","[0, 68, 7]","[0, 69, 6]","[0, 69, 6]","[0, 69, 6]","[0, 69, 6]","[0, 67, 8]","[0, 69, 6]","[0, 69, 6]","[0, 69, 6]","[0, 68, 7]","[0, 69, 6]","[0, 70, 5]","[0, 69, 6]","[0, 71, 4]","[0, 70, 5]","[0, 70, 5]","[0, 70, 5]","[0, 70, 5]","[0, 70, 5]","[0, 70, 5]","[0, 70, 5]","[0, 70, 5]","[0, 70, 5]","[0, 67, 8]","[0, 68, 7]","[0, 69, 6]","[0, 69, 6]","[0, 69, 6]","[0, 69, 6]","[0, 70, 5]","[0, 70, 5]","[0, 70, 5]","[0, 70, 5]","[0, 69, 6]","[0, 70, 5]","[0, 70, 5]","[0, 70, 5]","[0, 70, 5]","[0, 70, 5]","[0, 70, 5]","[0, 70, 5]","[0, 70, 5]","[0, 70, 5]","[13, 49, 13]","[11, 50, 14]","[5, 57, 13]","[4, 60, 11]","[4, 60, 11]","[1, 68, 6]","[1, 67, 7]","[0, 71, 4]","[0, 68, 7]","[0, 69, 6]","[0, 71, 4]","[0, 70, 5]","[0, 69, 6]","[0, 69, 6]","[0, 70, 5]","[0, 68, 7]","[0, 68, 7]","[0, 68, 7]","[0, 73, 2]","[0, 72, 3]","[0, 71, 4]","[0, 71, 4]","[0, 71, 4]","[0, 73, 2]","[0, 73, 2]","[0, 70, 5]","[0, 70, 5]","[0, 70, 5]","[0, 70, 5]","[0, 70, 5]","[0, 70, 5]","[0, 70, 5]","[0, 69, 6]","[0, 71, 4]","[0, 71, 4]","[0, 71, 4]","[0, 70, 5]","[0, 70, 5]","[0, 70, 5]","[0, 69, 6]","[0, 69, 6]","[0, 69, 6]","[0, 69, 6]","[0, 69, 6]","[0, 70, 5]","[0, 70, 5]","[0, 72, 3]","[0, 70, 5]","[0, 70, 5]","[13, 49, 13]","[9, 53, 13]","[9, 48, 18]","[10, 53, 12]","[11, 54, 10]","[11, 52, 12]","[11, 51, 13]","[10, 53, 12]","[8, 56, 11]","[5, 56, 14]","[6, 55, 14]","[7, 56, 12]","[6, 58, 11]","[8, 58, 9]","[0, 64, 11]","[1, 62, 12]","[0, 63, 12]","[1, 61, 13]","[0, 66, 9]","[0, 67, 8]","[1, 63, 11]","[0, 64, 11]","[0, 64, 11]","[0, 67, 8]","[1, 65, 9]","[1, 66, 8]","[1, 63, 11]","[1, 66, 8]","[2, 66, 7]","[0, 71, 4]","[0, 66, 9]","[0, 68, 7]","[0, 67, 8]","[0, 68, 7]","[0, 68, 7]","[0, 67, 8]","[0, 68, 7]","[0, 68, 7]","[0, 68, 7]","[0, 65, 10]","[0, 67, 8]","[0, 70, 5]","[0, 69, 6]","[0, 69, 6]","[0, 70, 5]","[0, 71, 4]","[0, 71, 4]","[0, 68, 7]","[0, 70, 5]","[13, 49, 13]","[9, 53, 13]","[4, 58, 13]","[2, 61, 12]","[2, 60, 13]","[0, 65, 10]","[0, 70, 5]","[0, 69, 6]","[0, 70, 5]","[0, 71, 4]","[0, 71, 4]","[0, 71, 4]","[0, 69, 6]","[0, 70, 5]","[0, 70, 5]","[0, 70, 5]","[0, 71, 4]","[0, 69, 6]","[1, 69, 5]","[1, 68, 6]","[0, 70, 5]","[0, 71, 4]","[0, 71, 4]","[0, 69, 6]","[0, 71, 4]","[0, 71, 4]","[0, 70, 5]","[0, 69, 6]","[0, 69, 6]","[0, 70, 5]","[0, 71, 4]","[0, 70, 5]","[0, 70, 5]","[0, 69, 6]","[0, 69, 6]","[0, 73, 2]","[0, 70, 5]","[0, 71, 4]","[0, 69, 6]","[0, 70, 5]","[0, 70, 5]","[0, 73, 2]","[0, 70, 5]","[0, 74, 1]","[0, 71, 4]","[0, 73, 2]","[0, 73, 2]","[0, 70, 5]","[0, 70, 5]"
bird,"[33, 29, 13]","[28, 38, 9]","[39, 32, 4]","[45, 27, 3]","[19, 53, 3]","[2, 69, 4]","[2, 68, 5]","[2, 68, 5]","[1, 69, 5]","[0, 71, 4]","[0, 70, 5]","[0, 70, 5]","[0, 70, 5]","[0, 69, 6]","[0, 69, 6]","[0, 70, 5]","[0, 70, 5]","[0, 70, 5]","[0, 72, 3]","[0, 70, 5]","[0, 71, 4]","[0, 69, 6]","[0, 70, 5]","[0, 70, 5]","[0, 70, 5]","[0, 70, 5]","[0, 70, 5]","[0, 70, 5]","[0, 70, 5]","[0, 70, 5]","[0, 70, 5]","[1, 69, 5]","[2, 68, 5]","[2, 68, 5]","[1, 70, 4]","[63, 12, 0]","[63, 11, 1]","[57, 17, 1]","[52, 22, 1]","[59, 15, 1]","[62, 13, 0]","[60, 14, 1]","[66, 9, 0]","[69, 6, 0]","[69, 6, 0]","[67, 8, 0]","[71, 4, 0]","[75, 0, 0]","[75, 0, 0]","[33, 29, 13]","[40, 26, 9]","[26, 41, 8]","[26, 41, 8]","[15, 54, 6]","[8, 61, 6]","[5, 62, 8]","[1, 66, 8]","[0, 67, 8]","[0, 67, 8]","[0, 69, 6]","[0, 70, 5]","[0, 69, 6]","[0, 70, 5]","[0, 66, 9]","[0, 65, 10]","[0, 65, 10]","[0, 67, 8]","[0, 70, 5]","[0, 70, 5]","[0, 71, 4]","[0, 72, 3]","[0, 73, 2]","[0, 73, 2]","[0, 72, 3]","[0, 70, 5]","[0, 70, 5]","[0, 69, 6]","[0, 70, 5]","[0, 70, 5]","[0, 70, 5]","[4, 66, 5]","[10, 60, 5]","[16, 54, 5]","[23, 47, 5]","[25, 45, 5]","[6, 64, 5]","[15, 55, 5]","[25, 47, 3]","[15, 55, 5]","[28, 44, 3]","[30, 42, 3]","[30, 42, 3]","[9, 61, 5]","[8, 62, 5]","[8, 62, 5]","[65, 10, 0]","[75, 0, 0]","[75, 0, 0]","[33, 29, 13]","[30, 32, 13]","[31, 32, 12]","[31, 34, 10]","[26, 39, 10]","[26, 38, 11]","[25, 38, 12]","[22, 43, 10]","[26, 40, 9]","[15, 52, 8]","[15, 51, 9]","[23, 43, 9]","[23, 44, 8]","[26, 41, 8]","[25, 44, 6]","[26, 43, 6]","[24, 43, 8]","[27, 43, 5]","[21, 47, 7]","[24, 45, 6]","[30, 38, 7]","[21, 41, 13]","[25, 40, 10]","[28, 40, 7]","[23, 41, 11]","[24, 42, 9]","[13, 50, 12]","[13, 52, 10]","[26, 44, 5]","[8, 59, 8]","[0, 67, 8]","[1, 66, 8]","[1, 67, 7]","[1, 65, 9]","[20, 48, 7]","[16, 52, 7]","[28, 42, 5]","[16, 55, 4]","[17, 52, 6]","[23, 47, 5]","[17, 54, 4]","[15, 56, 4]","[2, 66, 7]","[59, 16, 0]","[68, 7, 0]","[72, 3, 0]","[73, 2, 0]","[35, 35, 5]","[75, 0, 0]","[33, 29, 13]","[30, 32, 13]","[24, 41, 10]","[20, 44, 11]","[17, 47, 11]","[13, 52, 10]","[8, 59, 8]","[9, 58, 8]","[11, 56, 8]","[11, 56, 8]","[8, 56, 11]","[11, 53, 11]","[7, 58, 10]","[8, 57, 10]","[9, 55, 11]","[10, 56, 9]","[14, 50, 11]","[14, 54, 7]","[16, 51, 8]","[12, 54, 9]","[6, 58, 11]","[11, 54, 10]","[6, 59, 10]","[15, 52, 8]","[9, 58, 8]","[10, 56, 9]","[7, 62, 6]","[9, 59, 7]","[9, 61, 5]","[6, 65, 4]","[12, 60, 3]","[3, 68, 4]","[4, 65, 6]","[7, 62, 6]","[1, 68, 6]","[5, 69, 1]","[4, 66, 5]","[6, 64, 5]","[3, 67, 5]","[1, 66, 8]","[0, 73, 2]","[0, 70, 5]","[0, 73, 2]","[0, 73, 2]","[1, 68, 6]","[2, 70, 3]","[1, 74, 0]","[1, 69, 5]","[75, 0, 0]"
dog,"[19, 44, 12]","[28, 40, 7]","[30, 39, 6]","[29, 46, 0]","[18, 54, 3]","[5, 65, 5]","[9, 60, 6]","[10, 60, 5]","[1, 69, 5]","[0, 70, 5]","[0, 70, 5]","[0, 70, 5]","[0, 70, 5]","[0, 70, 5]","[0, 69, 6]","[0, 69, 6]","[0, 71, 4]","[0, 71, 4]","[0, 72, 3]","[0, 71, 4]","[0, 71, 4]","[0, 70, 5]","[0, 70, 5]","[0, 70, 5]","[0, 70, 5]","[0, 70, 5]","[0, 70, 5]","[0, 70, 5]","[0, 70, 5]","[0, 68, 7]","[0, 69, 6]","[0, 68, 7]","[0, 68, 7]","[0, 68, 7]","[0, 69, 6]","[0, 70, 5]","[0, 70, 5]","[0, 70, 5]","[0, 72, 3]","[0, 70, 5]","[0, 70, 5]","[0, 70, 5]","[0, 70, 5]","[0, 70, 5]","[0, 70, 5]","[0, 70, 5]","[0, 70, 5]","[0, 70, 5]","[0, 70, 5]","[19, 44, 12]","[16, 49, 10]","[7, 63, 5]","[8, 61, 6]","[2, 62, 11]","[2, 63, 10]","[1, 64, 10]","[0, 66, 9]","[0, 65, 10]","[0, 66, 9]","[0, 68, 7]","[0, 69, 6]","[0, 69, 6]","[0, 70, 5]","[0, 70, 5]","[0, 67, 8]","[0, 65, 10]","[0, 66, 9]","[0, 72, 3]","[0, 72, 3]","[0, 71, 4]","[0, 71, 4]","[0, 72, 3]","[0, 72, 3]","[0, 74, 1]","[0, 70, 5]","[0, 70, 5]","[0, 70, 5]","[0, 70, 5]","[0, 70, 5]","[0, 70, 5]","[1, 70, 4]","[0, 70, 5]","[0, 72, 3]","[0, 73, 2]","[0, 72, 3]","[0, 69, 6]","[0, 69, 6]","[0, 71, 4]","[0, 69, 6]","[0, 70, 5]","[0, 71, 4]","[0, 70, 5]","[0, 69, 6]","[0, 69, 6]","[0, 70, 5]","[0, 71, 4]","[0, 70, 5]","[0, 70, 5]","[19, 44, 12]","[19, 44, 12]","[25, 38, 12]","[22, 43, 10]","[23, 41, 11]","[20, 46, 9]","[17, 48, 10]","[21, 45, 9]","[25, 43, 7]","[29, 41, 5]","[28, 42, 5]","[27, 41, 7]","[27, 41, 7]","[28, 40, 7]","[19, 48, 8]","[20, 45, 10]","[20, 47, 8]","[18, 48, 9]","[20, 47, 8]","[21, 47, 7]","[22, 47, 6]","[17, 51, 7]","[16, 53, 6]","[11, 56, 8]","[11, 58, 6]","[8, 61, 6]","[6, 58, 11]","[12, 57, 6]","[3, 63, 9]","[0, 70, 5]","[0, 66, 9]","[0, 67, 8]","[0, 68, 7]","[0, 68, 7]","[0, 68, 7]","[0, 68, 7]","[0, 68, 7]","[0, 68, 7]","[0, 68, 7]","[0, 68, 7]","[0, 69, 6]","[0, 69, 6]","[0, 68, 7]","[0, 69, 6]","[0, 70, 5]","[0, 70, 5]","[0, 70, 5]","[0, 67, 8]","[0, 70, 5]","[19, 44, 12]","[19, 44, 12]","[26, 42, 7]","[14, 53, 8]","[12, 55, 8]","[24, 44, 7]","[17, 53, 5]","[17, 53, 5]","[17, 52, 6]","[18, 52, 5]","[19, 51, 5]","[21, 49, 5]","[19, 50, 6]","[19, 51, 5]","[22, 49, 4]","[18, 52, 5]","[19, 52, 4]","[19, 51, 5]","[5, 63, 7]","[4, 61, 10]","[4, 62, 9]","[6, 59, 10]","[5, 59, 11]","[5, 67, 3]","[0, 66, 9]","[0, 68, 7]","[1, 67, 7]","[2, 65, 8]","[0, 68, 7]","[4, 66, 5]","[5, 64, 6]","[7, 62, 6]","[6, 66, 3]","[0, 69, 6]","[5, 65, 5]","[2, 69, 4]","[11, 61, 3]","[6, 66, 3]","[4, 67, 4]","[0, 67, 8]","[2, 65, 8]","[0, 68, 7]","[0, 73, 2]","[0, 71, 4]","[0, 70, 5]","[0, 70, 5]","[0, 71, 4]","[0, 70, 5]","[0, 70, 5]"
